{
  "config": {
    "data": "movielens",
    "epochs": 10,
    "batch_size": 256,
    "lr": 0.001,
    "device": "cpu",
    "n_items": 3707,
    "n_users": 6041
  },
  "results": {
    "SASRec": {
      "epoch": 10,
      "loss": 3.9760385751724243,
      "Hit@5": 0.0,
      "Hit@10": 0.01,
      "Hit@20": 0.01,
      "NDCG@5": 0.0,
      "NDCG@10": 0.002890648263178879,
      "NDCG@20": 0.002890648263178879,
      "MRR": 0.001
    },
    "DIN": {
      "epoch": 10,
      "loss": 0.47268689556039256,
      "AUC": 0.6783394382459462,
      "LogLoss": 0.6916455680406068
    },
    "DCN-V2": {
      "epoch": 10,
      "loss": 7.634402375424936e-06,
      "AUC": 1.0,
      "LogLoss": 3.0171512652373838e-06
    },
    "DeepFM": {
      "epoch": 10,
      "loss": 0.00024729854317918193,
      "AUC": 1.0,
      "LogLoss": 7.030061104592626e-05
    }
  }
}