{
  "config": {
    "data": "synthetic",
    "epochs": 10,
    "batch_size": 128,
    "lr": 0.001,
    "device": "cpu",
    "n_items": 31,
    "n_users": 501
  },
  "results": {
    "SASRec": {
      "epoch": 10,
      "loss": 2.5390891432762146,
      "Hit@5": 0.26,
      "Hit@10": 0.47,
      "Hit@20": 0.78,
      "NDCG@5": 0.13208537274082352,
      "NDCG@10": 0.19895871433783657,
      "NDCG@20": 0.2777038119479808,
      "MRR": 0.13948687788819367
    },
    "DIN": {
      "epoch": 10,
      "loss": 0.5082162395119667,
      "AUC": 0.6721350406137184,
      "LogLoss": 0.6419702079322763
    },
    "DCN-V2": {
      "epoch": 10,
      "loss": 0.07078388700476633,
      "AUC": 0.990779745788207,
      "LogLoss": 0.11751904309092585
    },
    "DeepFM": {
      "epoch": 10,
      "loss": 0.17062758317647073,
      "AUC": 0.9812434190734055,
      "LogLoss": 0.1673975698557032
    }
  }
}