{
  "config": {
    "data": "synthetic",
    "epochs": 5,
    "batch_size": 128,
    "lr": 0.001,
    "device": "cpu",
    "n_items": 31,
    "n_users": 501
  },
  "results": {
    "SASRec": {
      "epoch": 5,
      "loss": 0.0,
      "Hit@5": 0.11,
      "Hit@10": 0.23,
      "Hit@20": 0.6,
      "NDCG@5": 0.07896918237758785,
      "NDCG@10": 0.1164253306998085,
      "NDCG@20": 0.20669720271538278,
      "MRR": 0.1067456397231939
    },
    "DIN": {
      "epoch": 5,
      "loss": 0.5623820260740243,
      "AUC": 0.7059594990974729,
      "LogLoss": 0.5988309345114029
    }
  }
}